{
    "normals": [-0.104526,-0.988983,0.104678,-0.298196,-0.904324,-0.305368,0.109622,-0.987915,-0.109409,0.298715,-0.908078,0.293497,-0.198401,0.188147,-0.961882,0.197851,0.187597,-0.962096,0.175298,-0.17069,-0.969573,-0.329478,-0.383801,-0.862606,0.956725,0.200323,-0.210913,0.844111,0.426313,0.325053,0.85934,-0.390423,0.33021,0.964995,-0.183172,-0.187658,-0.189459,-0.18421,0.964446,0.338725,-0.393384,0.854671,0.333567,0.428846,0.839534,-0.334391,0.428694,0.839259,-0.844691,0.425703,0.32432,-0.957152,0.199408,-0.209876,-0.856197,-0.387951,-0.341166,-0.968047,-0.174627,0.179937,0.077303,0.993988,-0.077242,-0.077609,0.993957,-0.077548,-0.26426,0.929167,0.25837,0.263436,0.92938,0.258461],
    "faces": [41,5,4,6,7,0,1,2,3,0,1,2,3,41,12,15,14,13,4,5,6,7,4,5,6,7,41,18,19,16,17,8,9,10,11,8,9,10,11,41,8,9,11,10,12,13,14,15,12,13,14,15,41,23,20,21,22,16,17,18,19,16,17,18,19,41,0,3,2,1,20,21,22,23,20,21,22,23,41,8,5,7,9,24,0,3,25,12,0,3,13,41,21,4,5,22,26,1,0,27,18,1,0,19,41,14,6,4,13,28,2,1,29,6,2,1,7,41,16,7,6,17,30,3,2,31,10,3,2,11,40,14,6,17,32,33,34,6,2,11,41,18,17,14,15,8,11,35,36,8,11,6,5,41,0,15,12,3,20,38,37,21,20,5,4,21,41,18,0,1,19,39,20,23,40,8,20,23,9,41,10,11,1,2,41,42,23,22,15,14,23,22,40,13,4,21,29,1,26,7,1,18,41,2,3,20,23,22,21,43,44,22,21,17,16,41,21,20,12,13,18,17,45,46,18,17,4,7,40,8,5,22,47,48,49,12,0,19,41,23,22,8,10,16,19,50,51,16,19,12,15,40,10,2,23,41,22,44,15,22,16,40,11,19,1,42,40,23,14,9,23,40,15,18,0,52,53,54,5,8,20,40,9,7,16,25,3,30,13,3,10,40,12,3,20,55,56,57,4,21,17,41,11,9,16,19,58,59,10,9,14,13,10,9],
    "vertices": [0.863231,1.29221,-0.688685,0.863231,1.29221,0.822179,-0.863232,1.29221,0.822179,-0.863232,1.29221,-0.688685,-0.863232,-1.43992,-0.688685,-0.863232,-1.43992,0.822179,0.863231,-1.43992,-0.688685,0.863231,-1.43992,0.822179,-0.863232,-1.2068,1.12624,0.863231,-1.2068,1.12624,-0.863232,1.10027,1.12624,0.863231,1.10027,1.12624,-0.863232,1.10027,-0.975489,-0.863232,-1.2068,-0.975489,0.863231,-1.2068,-0.975489,0.863231,1.10027,-0.975489,1.1604,-1.2068,0.822179,1.1604,-1.2068,-0.688685,1.1604,1.10027,-0.688685,1.1604,1.10027,0.822179,-1.15915,1.10027,-0.688685,-1.15915,-1.2068,-0.688685,-1.15915,-1.2068,0.822179,-1.15915,1.10027,0.822179],
    "uvs": [[0.415817,0.34332,0.415767,0.056407,0.679309,0.054852,0.67936,0.341765,0.675222,0.401554,0.96216,0.400673,0.96313,0.716706,0.676192,0.717586,0.359023,0.746326,0.358142,0.459388,0.674175,0.458418,0.675055,0.745356,1,0.399793,0.713062,0.400673,0.712093,0.084641,0.99903,0.083761,0.001047,0.754813,0.000167,0.467876,0.316199,0.466906,0.31708,0.753844,0.03645,0.070482,0.302517,0.047989,0.302019,0.328308,0.035952,0.350801,0.403198,0.400673,0.666741,0.399118,0.357965,0.056286,0.358016,0.343199,0.66667,0,0.403127,0.001555,0.712093,0.34111,0.712042,0.054197,0.768239,0,0.768254,0.060726,0.712093,0.047034,0.675222,0.799825,0.35919,0.800794,0.312456,0,0.04639,0.022493,0.000498,0.079577,0,0.359896,0.311763,0.389945,0.045697,0.412437,0.357965,0.049357,0.357467,0.329676,0,0.413407,0.316032,0.412437,0.330121,0.549382,0.329989,0.483395,0.357965,0.498793,0.317257,0.811589,0.001225,0.812558,0.717925,0.717586,0.717966,0.788268,0.675222,0.752458,0.331499,0.412437,0.357965,0.460802,0.331527,0.483395,0.357965,0.401643,0.673998,0.400673]],
    "name": "Cube.001Geometry",
    "metadata": {
        "type": "Geometry",
        "normals": 24,
        "generator": "io_three",
        "vertices": 24,
        "uvs": 1,
        "faces": 26,
        "version": 3
    }
}